image,area_um2,perimeter_um,bbox_aspect_ratio,ellipse_major_um,ellipse_minor_um,ellipse_angle_deg,contraction_ratio,num_endpoints,num_branchpoints,length_um,straight_length_um,tortuosity,width_base_um,width_tip_um,width_max_um,curvature_mean_rad,curvature_max_rad,curvature_sum_rad,skeleton_length_um,skeleton_ratio,upper_curv_mean_rad,upper_curv_max_rad,upper_curv_sum_rad,lower_curv_mean_rad,lower_curv_max_rad,lower_curv_sum_rad,species
250528_BS_001_L,5226.918641786293,570.0240853582706,0.3656804733727811,206.276564544503,67.76225104193256,173.17930603027344,0.4942672314267005,72.0,594.0,34.14923732274077,30.29262200000408,1.127312034023868,14.516084502336252,17.923649064547146,20.224040342623866,0.4755621908743578,1.5707963267948966,51.83627880530501,276.643951039314,8.101028682567105,0.7965188453570582,1.5707963267948966,450.0331476267379,0.8125528871319345,1.5707963267948966,305.5198855616074,B. suaveolens
250528_BS_004_L,1968.7456067950009,350.3696739376384,0.3875685557586837,150.28827799127458,23.289436989642205,165.0294952392578,0.3216066608719521,77.0,441.0,25.189961197412845,22.62744595499192,1.113248099123428,14.411016930132469,15.93302576703594,16.278451554318693,0.4016240615466528,1.5707963267948966,35.34291741610545,190.1429521276596,7.548362247861992,0.7924315797860821,1.5707963267948966,265.4645792283375,0.8011061266653974,1.5707963267948966,200.2765316663493,B. suaveolens
250528_BS_005_L,3860.540475284345,6.762340910894869,0.3989962358845671,3.64073339983129,0.4640895592416775,176.40992736816406,-4029.1666666666665,87.0,569.0,14.447436663331324,13.435511993845427,1.0753171646863506,8.92025030845538,10.727132939335709,10.967907569432665,0.4133674547894189,0.7853981633974484,23.56194492299688,249.60516047199127,17.27677831635752,0.8185840012874814,1.5707963267948966,406.8362486398783,0.8201942845606263,3.141592653589793,259.1813939211579,B. suaveolens
250528_BS_006_L,2295.987580398038,1.4558550108966843,0.7236363636363636,0.5877151032255015,0.3856194395728584,27.696304321289062,-18398.5,167.0,351.0,8.510449590568662,7.8870453481952465,1.0790415440575685,18.908626655450988,17.856908108712293,19.69052087441049,0.4547042081801377,1.5707963267948966,17.27875991084523,141.12324048907476,16.582348439672153,0.9100272132778816,2.356194490192345,303.9490892348125,0.8295570962792326,1.5707963267948966,206.5597169735289,B. suaveolens
250528_BS_007_L,1906.972135050917,287.72982911225483,0.7,107.4352797572848,32.278525692872506,148.74972534179688,0.2652446372619909,94.0,375.0,13.157377098689896,12.486670664665867,1.0537137922538438,13.664291860852952,1.0040902369450753,14.131843083364268,0.3926990915087665,0.7853981633974484,22.77654730750845,139.1838381268047,10.57838785670006,0.8283682756805912,1.5707963267948966,272.5331626989145,0.7921883492481466,1.5707963267948966,274.8893571891069,B. suaveolens
250826_BS_001_L,4867.4910143327625,3.328974123477288,0.9861878453038674,,,,-7905.0,60.0,295.0,57.4954992621654,52.77879499291546,1.0893674110953664,24.69253519954889,41.07026731190474,44.56551568663639,0.4133674636624396,1.5707963267948966,47.12389085751811,232.64775815217396,4.046364691805826,0.8664313072400422,2.356194490192345,218.34068942449065,0.7929865514495975,1.5707963267948966,164.14821615006667,B. suaveolens
250826_BS_002_L,2492.685308689025,299.9183410276971,1.2240184757505774,115.54705021059546,40.80697038756011,51.75407028198242,0.1163123894534642,82.0,287.0,5.838042351185799,5.616478396462899,1.0394489107022,28.37014156842925,31.38779841328334,31.5012681235864,0.2617994000919802,0.7853981633974484,6.283185602207526,137.8660486297113,23.61511622157186,0.8275986617292515,2.356194490192345,277.24555167929924,0.827688833734234,2.356194490192345,215.19909677090084,B. suaveolens
250826_BS_003_L,2971.437533226237,1.76737871011113,1.0649350649350648,,,,-17122.0,102.0,449.0,39.44185344928539,38.59226604939089,1.022014447112465,5.169456850515063,10.628105712180448,10.820621090338586,0.1582097185045453,0.7853981633974484,21.9911508721318,205.78813105427747,5.217506609289578,0.8787127966723928,1.5707963267948966,354.99996985564667,0.8125589068002418,1.5707963267948966,281.9579406596839,B. suaveolens
250826_BS_004_L,2888.4223090277787,1.522243739002281,0.6357894736842106,,,,-19943.0,92.0,262.0,7.861191896731681,6.860659935823627,1.1458361105589383,13.069780485497583,15.051923212077885,15.162064664893682,0.589048626938383,1.5707963267948966,14.137167046521192,170.33854166666669,21.668284390498798,0.8753090642577622,2.356194490192345,259.9667920845554,0.8292186617844305,2.356194490192345,193.2079481957723,B. suaveolens
250826_BS_005_L,2144.193407242673,1.6515016003465488,0.3638170974155069,0.6470679344605075,0.4575461036587441,0.0,-11521.5,98.0,300.0,10.540749094418752,8.90877801536041,1.1831868608965803,14.339995397644255,16.53601379533359,16.647202267307335,0.6544984699996219,1.5707963267948966,27.48893573998412,142.57063489279847,13.525664411107988,0.8181230868723421,1.5707963267948966,215.9844949342983,0.8598755754437581,1.5707963267948966,199.4911335029519,B. suaveolens
250826_BS_006_L,2737.153537121721,1.0794805740141693,1.9074074074074077,0.4890930413049704,0.2823780141651257,45.0,-36614.6,95.0,421.0,28.876851148568733,25.265336965814218,1.1429434401623515,16.218934338985726,19.51776703745084,19.694707893285077,0.6215381170413472,1.5707963267948966,86.39379826874726,156.66597846169125,5.425313780081466,0.8096388474529251,1.5707963267948966,262.32298657474774,0.7875037885003904,1.5707963267948966,293.7389131106456,B. suaveolens
250826_BS_007_L,2696.8090401755458,339.752802628209,0.7920997920997921,204.35509582360592,34.290517618258804,36.70166778564453,0.2161422202489964,44.0,326.0,64.63457167319945,61.859732241604206,1.0448569583320797,15.33199520291467,32.219002412207296,33.47131262222927,0.2929982914574111,0.7853981633974484,56.54867025128034,151.36718750000006,2.341892018180791,0.7934124303708916,1.5707963267948966,233.2632545290421,0.7895101956665447,1.5707963267948966,150.79644737231004,B. suaveolens
250826_BS_008_L,3040.2231540809707,414.3464569711971,0.5138888888888888,174.11112104143422,35.33964795725688,24.49419593811035,0.2951685328296941,90.0,356.0,20.20629738412613,16.79192013152501,1.2033345338625687,3.181963021911327,8.385464321999326,8.990171977451872,0.7302825053961182,1.5707963267948966,41.62610280757873,204.70610119047623,10.130807109237704,0.872097960655608,1.5707963267948966,268.60617188192725,0.850112618808474,1.5707963267948966,226.98006922186252,B. suaveolens
250826_BS_009_L,1664.8450493812568,269.2836026581063,0.2773972602739726,104.02267426252368,25.42337225750089,0.0863891243934631,0.1933111296142103,80.0,312.0,18.02307039718084,15.807728413094926,1.1401429684388271,10.229312904994003,11.500606962363236,12.168632727116348,0.4920566822061188,1.5707963267948966,40.84070462310786,126.77001953125,7.0337637670815125,0.8428026803235076,1.5707963267948966,253.6836067773758,0.8425180298263536,1.5707963267948966,185.3539665617978,B. suaveolens
250826_BS_010_L,1114.4155482519875,237.9786372160041,0.3268292682926829,86.57647199609853,23.427519286306477,166.2120361328125,0.3310082773010059,51.0,496.0,19.30393962490126,17.67061045691509,1.0924319605125463,5.628343439332361,9.664996542467916,9.797742934965854,0.4918655215798382,1.5707963267948966,48.69468663640399,124.07813784154972,6.427607019734676,0.81308848326082,1.5707963267948966,253.6836067773758,0.8122749066315815,1.5707963267948966,213.62830044410595,B. suaveolens
250826_BS_011_L,1767.124479226836,1.3170827916952983,0.3308411214953271,,,,-16298.0,59.0,410.0,25.125029526088163,21.777965329073687,1.1536903997429977,18.225600622906587,20.01668410601317,20.199497996191774,0.551449774972892,1.5707963267948966,51.83627884745185,152.27052395556723,6.060511244273748,0.8104640622292817,1.5707963267948966,228.55086554865744,0.8536936558667917,1.5707963267948966,215.9844949342983,B. suaveolens
250826_BS_012_L,2634.845055824468,1.5568401876159683,0.2985865724381625,,,,-17392.5,64.0,406.0,23.60490173360008,20.670315328458354,1.141971051651131,16.362225501374763,18.20441530896472,18.37228644977916,0.5063751319414261,1.5707963267948966,38.48451002754839,189.07137784090904,8.009835413624193,0.798106871543038,1.5707963267948966,246.61502330679875,0.840570761652641,1.5707963267948966,203.41812431993912,B. suaveolens
250826_BS_013_L,5164.341081491406,4.062536676329645,0.4430147058823529,1.589994900154345,1.027226848810008,115.36874389648438,-4793.125,59.0,378.0,30.53962238490648,28.00630108881902,1.0904554045910346,33.48468496943965,40.12886999231396,41.351085449710034,0.4521989502252306,1.5707963267948966,29.84513071486522,258.3333333333333,8.45895637075751,0.8414980322115517,3.141592653589793,235.61944901923448,0.8096575661278714,1.5707963267948966,209.7013096271187,B. suaveolens
250826_BS_014_L,1797.8458501854718,291.353001000659,0.3455210237659963,102.5995352438518,33.78509804606438,6.5029616355896,0.3112090431916303,66.0,282.0,18.144966068696792,16.102172570454112,1.1268644643637098,18.05438875999986,18.74731019595448,18.917046221239225,0.6170985593635292,1.5707963267948966,43.19689915544704,139.90652901785714,7.710487222085255,0.8030475603277281,1.5707963267948966,214.4136986075034,0.844614691590113,3.141592653589793,212.8429022807085,B. suaveolens
250826_BS_015_L,2085.521745929529,0.8161850960311964,0.322435174746336,,,,-81335.0,167.0,513.0,6.565053284159923,5.789740827300899,1.1339114271234945,4.087409488902048,6.5202530736438895,6.537178306678121,0.5061454830783556,1.5707963267948966,22.776546738526005,146.95576833412414,22.38455073756936,0.8106708765760791,1.5707963267948966,327.511034136736,0.8391006019203505,1.5707963267948966,294.52431127404304,B. suaveolens
250826_BS_016_L,1654.500387200402,228.14790486149457,0.7290322580645161,93.75720045986482,30.08337238557637,149.26806640625,0.0660307160452745,196.0,257.0,13.505106912463695,12.017632281997136,1.1237743505178517,12.594789884365689,15.108668931880397,15.742831447387898,0.5451587306360562,1.5707963267948966,46.33849210406478,102.62637454445476,7.599079015786402,0.7878297366587407,1.5707963267948966,254.46900494077323,0.7957664559835532,1.5707963267948966,241.11723616301663,B. suaveolens
250826_BS_017_L,2703.3587737863754,370.83924742658405,0.298932384341637,132.66858915671898,41.250688872497534,177.93734741210938,0.3413383503024937,70.0,385.0,12.734747790373964,10.513161744250407,1.2113147405287974,14.398674557789152,16.536106930364944,16.716691270759405,0.7048445066937831,1.5707963267948966,27.48893576105754,183.5197259726808,14.410943113565311,0.8061347485696582,1.5707963267948966,244.2588288166064,0.8284336792000482,1.5707963267948966,181.42697574481056,B. suaveolens
250826_BS_018_L,2359.4741177340143,338.8566556224874,0.4049459041731066,111.24291628141198,49.19168560960532,178.9662628173828,0.4423052023212106,138.0,467.0,16.92389173856509,14.911030413442608,1.1349914304586115,5.584404646846171,9.130338418356086,9.253906597650184,0.4882204867843893,1.5707963267948966,36.12831602204481,169.63567355443874,10.02344355393646,0.8113311216228358,1.5707963267948966,344.0043955680824,0.8019577632281175,1.5707963267948966,266.249977391735,B. suaveolens
250826_BS_019_L,1924.8787582339655,271.48956109596344,0.3215189873417721,121.74641442853338,25.894457157268054,10.54124927520752,0.08738638841591,133.0,581.0,15.830093255462192,13.828006716172526,1.144784897808021,19.51659224754154,25.204581179360066,25.28753191925756,0.5369558882958793,1.5707963267948966,52.62167705299616,145.91388081395334,9.217499761955324,0.808573846907537,1.5707963267948966,246.6150233067988,0.7989785350988449,1.5707963267948966,277.2455516792992,B. suaveolens
250826_BS_020_L,2181.5980505619664,1.1025568131405823,1.6072874493927125,0.4813242593974349,0.2174124343300733,24.57077980041504,-42084.6,99.0,492.0,43.03041671040488,40.9569442955826,1.0506256619111576,15.255993178918068,27.30935364433948,27.850847142775443,0.3395389551363831,0.7853981633974484,77.75442072623173,148.1719434768966,3.4434233922040587,0.7871130065489712,1.5707963267948966,360.4977569994288,0.7920166872463031,1.5707963267948966,281.9579406596839,B. suaveolens
250826_BS_021_L,710.4209501063857,161.2324564882068,0.6696165191740413,60.25113330249764,20.49293559328729,18.96470069885254,0.3489403467955941,82.0,337.0,16.919895771065345,14.593305627693145,1.1594285902542276,11.95695568301248,4.182415770596178,12.013281810351732,0.7010898882327226,1.5707963267948966,124.0929102171919,73.97813659406968,4.372257228710559,0.7873184523055105,1.5707963267948966,322.0132469929538,0.7872418210580058,1.5707963267948966,335.36501577071044,B. suaveolens
250826_BS_022_L,2094.607247915181,326.1988123253096,0.3327338129496403,2656.0042117079665,63.405546105977336,0.0,0.1536214953271027,27.0,486.0,56.01235813255928,49.421888894526425,1.133351221198726,18.435724344561304,5.204465740066704,23.53549007965291,0.4349897562501947,1.5707963267948966,84.82300246878798,188.52248970770447,3.365730277978044,0.7932260520691836,1.5707963267948966,238.76104167282423,0.8229770228901492,1.5707963267948966,172.0021977840412,B. suaveolens
250826_BS_023_L,1501.4520100991756,277.6420609420533,0.8974739970282318,118.40190078176828,22.7852286362364,36.39060974121094,0.2493872138657094,76.0,501.0,33.95069411169291,32.6494178635315,1.0398560321534829,11.735422836695898,15.483903185840514,15.860754113814926,0.2190847652611048,1.5707963267948966,41.626105399609926,143.6711272482837,4.231758171883801,0.7960116520920084,1.5707963267948966,353.4291735288517,0.7979645340118074,1.5707963267948966,299.2367002544278,B. suaveolens
250826_BS_024_L,1750.553909904499,281.9358009665119,0.6234866828087167,123.85121491875184,26.542991374829,27.13265991210937,0.1313275367080195,168.0,459.0,18.71642593828663,16.639640068018245,1.1248095428614475,5.059628946029485,9.262118861308611,9.505928898091351,0.6723008303970266,1.5707963267948966,84.03760379962833,133.70563567718676,7.1437589696906985,0.7937534630080595,1.5707963267948966,373.064127613788,0.797931112813365,1.5707963267948966,300.02209841782525,B. suaveolens
250826_BS_025_L,414.7311340196089,113.46393617699788,0.5094736842105263,44.42873311971757,16.24052684596173,21.25289726257324,0.1723665987780041,98.0,258.0,5.301241635619043,5.042290540999749,1.0513558456248635,10.783751034093328,11.83275014201704,11.887245625543784,0.324403599766093,0.7853981633974484,14.922565589240278,51.685008394933135,9.749604328099585,0.7995494816568617,1.5707963267948966,177.4999849278233,0.7964084180245152,1.5707963267948966,170.43140145724627,B. suaveolens
250528_CA_001,3172.181127,384.2461226,1.137096774,125.9928095,52.57040855,132.3550873,0.382325119,67.0,322.0,12.07862969,11.35497515,1.063730173,11.5607932,1.100752484,12.02239882,0.414515706,0.785398163,14.92256542,195.4723386,16.18332076,0.818984269,1.570796327,248.9712178,0.905048665,1.570796327,231.6924582,C. annuum var. grossum
250528_CA_002_1,818.3047412,160.0397572,1.035460993,60.23777163,21.4455628,123.188797,0.163719712,31.0,104.0,7.044686481,6.486860684,1.085993183,17.10422883,15.54165184,17.62508783,0.436332319,0.785398163,7.853981739,73.20394368,10.39136999,0.785398163,0.785398163,70.68583471,0.829031395,1.570796327,74.61282552,C. annuum var. grossum
250528_CA_002_2,3946.576814,425.2336482,0.348571429,156.9258152,46.09882926,168.089798,0.274605985,88.0,293.0,9.976750962,8.779290016,1.136396103,24.75121735,26.04910216,26.18577016,0.460405821,1.570796327,13.3517688,207.9644994,20.84491236,0.839652642,1.570796327,255.2544031,0.846940557,1.570796327,226.9800692,C. annuum var. grossum
250528_CA_003,5146.020964,436.5540004,0.622601279,182.6591595,48.32985935,24.30739212,0.12419295,118.0,223.0,13.73757858,12.58764449,1.091354192,14.5953236,17.70097129,17.87427569,0.461998926,1.570796327,15.7079635,198.988031,14.48494216,0.832148054,1.570796327,209.7013096,0.835782197,1.570796327,221.4822821,C. annuum var. grossum
250528_CA_004,3038.907569,4.20665695,0.402721088,1.420930803,0.831638645,95.01802826,-3699.644068,102.0,444.0,6.721165523,5.969171602,1.125979612,29.34702817,29.74572698,30.52329515,0.594998613,1.570796327,19.63495423,142.1505925,21.14969375,0.881391272,2.35619449,317.300858,0.806066536,1.570796327,245.044227,C. annuum var. grossum
250528_CA_005,4412.677847,3.46173954,0.304232804,1.391229635,0.644475973,140.1256409,-7631.444444,130.0,401.0,16.65236074,15.90104166,1.047249676,9.809885843,16.74576411,16.95527433,0.342028244,0.785398163,21.20575111,191.4230068,11.49524742,0.894197909,3.141592654,413.1194339,0.799888904,1.570796327,216.7698931,C. annuum var. grossum
250528_CA_006,1553.326108,226.973626,0.419700214,138.5131761,26.98448204,163.5523529,0.163430652,43.0,226.0,6.036388359,5.581295316,1.081538965,23.9403598,22.64823507,24.53293613,0.581776418,0.785398163,15.70796329,94.72494144,15.69232061,0.840756624,1.570796327,190.8517537,0.861852852,1.570796327,194.7787445,C. annuum var. grossum
250528_CA_007,2355.371167,313.4647244,1.04587156,129.2252018,31.11543237,49.91917038,0.239709864,73.0,466.0,41.46441596,40.36203166,1.027312409,15.25040626,21.53118716,21.92203699,0.186365682,0.785398163,32.98672564,153.8992504,3.711598169,0.789147081,1.570796327,330.6526268,0.813118099,1.570796327,276.4601535,C. annuum var. grossum
250528_CA_008,5442.920513,524.7425124,0.897177419,213.5086391,41.59212255,45.53658676,0.229085369,120.0,371.0,16.53685651,16.44509595,1.005579813,21.06397244,22.71059564,23.28680152,0.0413367643,0.785398163,1.570797043,265.676937,16.06574604,0.892873702,1.570796327,339.2920066,0.794028912,1.570796327,216.7698931,C. annuum var. grossum
250528_CA_009,2030.238137,3.213101438,0.899777283,1.360841259,0.647016481,102.5660858,-3446.935484,77.0,298.0,21.92895414,20.68957146,1.059903738,17.97370096,24.52931634,25.22493343,0.334019919,0.785398163,29.05973299,135.6554717,6.186135044,0.841298389,1.570796327,236.4048472,0.803248122,1.570796327,176.7145868,C. annuum var. grossum
250528_CA_010,2076.470568,321.9296974,1.31377551,108.691005,35.64205816,51.48379135,0.310527511,132.0,353.0,9.068434173,8.491339013,1.067962798,12.92452031,14.01962668,14.10524311,0.434035834,0.785398163,16.49336168,161.7730481,17.83913794,0.851050641,1.570796327,274.8893572,0.869720052,3.141592654,283.528737,C. annuum var. grossum
250528_CA_011,2941.640061,364.6791533,1.354066986,137.0749972,39.6427553,53.00860214,0.26209563,107.0,406.0,10.47202712,9.736069064,1.075590883,17.17146355,19.07507728,19.19421228,0.523598779,0.785398163,20.4203524,178.5011574,17.04552093,0.804935431,3.141592654,323.5840433,0.829715301,3.141592654,264.6791811,C. annuum var. grossum
250528_CA_012,3787.389606,431.9856178,1.164345404,200.0663081,30.97733807,46.95140839,0.116731615,92.0,278.0,9.911448571,9.719732148,1.019724455,29.32432882,31.5234463,31.5234463,0.136591001,0.785398163,3.141593012,218.2960304,22.02463432,0.811909494,1.570796327,192.42255,0.858120216,1.570796327,185.3539666,C. annuum var. grossum
250528_CA_013,1879.895888,281.0775737,1.513043478,108.3976585,28.27465488,54.08088303,0.199759216,117.0,332.0,5.840892262,5.644646614,1.034766685,17.83844887,16.81848047,17.98805622,0.2617994,0.785398163,6.283185602,139.8254395,23.93905472,0.809463288,2.35619449,290.5973205,0.888900247,1.570796327,229.3362637,C. annuum var. grossum
250528_CA_014,3834.913166,436.7802442,0.593639576,148.4915729,52.3825027,152.8455353,0.3449646,106.0,335.0,19.2982239,16.83363667,1.146408485,26.78329239,29.51584361,29.74527575,0.471238899,1.570796327,30.63052846,208.2735767,10.79237021,0.806311132,1.570796327,272.5331627,0.857343033,1.570796327,224.6238747,C. annuum var. grossum
250528_CA_015,5800.9552,571.6099204,0.253269917,203.5620356,58.89844418,179.3851471,0.357420605,101.0,531.0,24.35870421,20.62414919,1.181076804,28.266716,30.11179924,30.37572861,0.640719555,1.570796327,48.69468619,283.5546875,11.64079522,0.814486984,1.570796327,351.8583772,0.821612488,1.570796327,285.0995333,C. annuum var. grossum
250528_CA_016,4898.657279,434.2571561,0.684536082,154.9470864,65.11640587,30.01639748,0.332602646,96.0,303.0,8.220892959,7.475296085,1.09974145,14.08518596,15.12897992,15.50049183,0.376991118,1.570796327,9.424777961,206.4125255,25.10828526,0.814389371,1.570796327,242.6880325,0.805198117,1.570796327,191.6371519,C. annuum var. grossum
250528_CA_017,2426.839104,322.1857373,1.048473968,116.36211,32.63289167,140.649826,0.223430618,150.0,398.0,14.69463362,14.30841691,1.026992274,19.50909815,22.63099612,22.81035099,0.188053097,0.785398163,13.35176987,165.9695513,11.29456886,0.805822229,1.570796327,340.8628029,0.884841342,1.570796327,342.4335992,C. annuum var. grossum
250528_CA_018,2191.372229,303.3182415,0.619256018,113.8796227,34.37913808,147.5072479,0.278761998,113.0,278.0,8.271135538,7.463075724,1.108274369,16.94780708,17.43281115,18.25551874,0.541653909,1.570796327,15.70796337,148.6779326,17.97551642,0.836806043,2.35619449,230.1216619,0.830709596,1.570796327,172.7875959,C. annuum var. grossum
250528_CA_019,6448.783858,572.7017511,0.633962264,226.4704169,52.12422297,154.9315186,0.329587712,90.0,377.0,24.68986457,20.6701635,1.19446876,38.95344588,43.62757651,44.08156714,0.628318533,1.570796327,34.55751929,287.9318306,11.66194451,0.855433668,1.570796327,268.6061719,0.814273096,1.570796327,221.4822821,C. annuum var. grossum
250528_CA_020,3672.139653,2.727050537,0.713580247,1.068474265,0.755525364,90.0,-7236.25,50.0,288.0,51.7170581,48.94939121,1.056541396,7.480174064,17.2792136,18.08841097,0.311329013,1.570796327,34.5575205,194.1061581,3.753232787,0.897597901,3.141592654,175.9291886,0.83064744,1.570796327,201.847328,C. annuum var. grossum
250528_CA_021,4921.97613,539.8658958,0.986111111,194.2010188,52.48632045,138.583725,0.359090103,85.0,389.0,14.33137058,13.40290448,1.0692735,20.18470335,8.592610095,20.30783584,0.594355371,0.785398163,21.99114872,279.2401074,19.4845361,0.811578102,1.570796327,267.8207737,0.845260828,2.35619449,277.2455517,C. annuum var. grossum
250528_CA_022,3168.976993,2.376647524,0.525462963,0.931184326,0.658446721,90.0,-8222.0,73.0,249.0,20.58721338,19.55733413,1.05265949,14.01367595,16.65198109,16.75361672,0.36249147,0.785398163,18.84955643,180.3393644,8.759775354,0.813077394,1.570796327,184.5685684,0.833483765,1.570796327,163.362818,C. annuum var. grossum
250528_CA_023,3474.491528,373.73622,0.720930233,163.1987262,38.94651054,152.2231903,0.23071785,88.0,295.0,26.86155372,24.00833774,1.118842712,29.0036095,32.73314342,34.90555819,0.520198785,1.570796327,40.05530644,182.0187124,6.776179602,0.798800862,1.570796327,234.0486527,0.785398163,0.785398163,176.7145868,C. annuum var. grossum
250528_CA_024,5131.583872,566.6035651,0.241650295,197.3334291,54.52707668,179.9832458,0.372169835,66.0,323.0,22.29518691,18.51799586,1.203974074,16.19088,19.9488936,20.49364474,0.651305796,1.570796327,26.70353764,268.2901958,12.03354773,0.881454054,1.570796327,245.044227,0.893073718,1.570796327,221.4822821,C. annuum var. grossum
250528_CA_025,3423.860286,350.6745409,0.74351585,126.9000429,45.38702422,40.38074875,0.257775822,58.0,218.0,53.05329136,47.64862407,1.113427562,30.20209435,9.304795876,33.43435589,0.471238905,1.570796327,58.90486318,169.2702318,3.190569848,0.818260011,1.570796327,195.5641427,0.811931885,1.570796327,120.165919,C. annuum var. grossum
250528_CA_026,1768.335952,241.7663462,0.538975501,87.72850574,32.8957461,159.2049866,0.219926144,84.0,248.0,32.96959459,31.11987205,1.059438629,5.997204287,16.62737725,17.2594849,0.380616044,1.570796327,49.48008568,118.3922184,3.590951599,0.809941856,1.570796327,181.4269757,0.797622259,1.570796327,204.9889206,C. annuum var. grossum
250528_CA_027,1456.219894,218.4012813,0.358178054,83.67570429,25.61326917,5.74550581,0.122961533,74.0,233.0,8.715556974,7.128495652,1.22263622,8.141181233,10.5308724,10.66415945,0.608683579,1.570796327,24.34734317,93.91904801,10.77602364,0.815477242,1.570796327,191.6371519,0.820304748,1.570796327,147.6548547,C. annuum var. grossum
250528_CA_028,3601.222402,4.437944318,1.061503417,2.211653077,0.681216716,128.7779083,-3969.333333,64.0,322.0,70.89323075,67.49665767,1.050322093,16.6376668,26.88895252,28.22521402,0.317414815,1.570796327,61.26105925,186.9518539,2.637090339,0.860055783,1.570796327,226.1946711,0.796780745,1.570796327,219.9114858,C. annuum var. grossum
250528_CA_029,3628.576536,414.0444386,0.45,135.2492111,60.9534737,162.9225616,0.389675237,89.0,263.0,53.0318732,50.43513079,1.051486779,8.334683838,17.86994281,18.24211253,0.302076229,0.785398163,35.34291876,199.6316964,3.764371959,0.836949394,1.570796327,216.7698931,0.869308224,1.570796327,203.4181243,C. annuum var. grossum
250528_CA_030,3632.9852,410.5935903,0.305660377,145.3755395,48.71402898,179.5623779,0.341458801,74.0,348.0,21.6104157,20.0539961,1.077611444,11.14567728,15.14080731,15.66219127,0.385809633,1.570796327,21.99114908,202.7291103,9.381083325,0.834332628,1.570796327,267.8207737,0.839453907,1.570796327,207.3451151,C. annuum var. grossum
250529_LC_001_L,726.4531397186564,159.85487009834938,0.4315068493150685,93.31897855819864,19.876417864872906,167.47325134277344,0.1701102566478273,54.0,186.0,4.479132026194664,4.233686075627537,1.0579745276769832,12.750375161149252,12.915221421475804,13.835931775693204,0.214199499108395,0.7853981633974484,4.712388980384691,83.36962705684721,18.612897893897436,0.8094901315998241,1.5707963267948966,131.94689145077132,0.8966629032120869,1.5707963267948966,107.59954838545042,L. chinense Mill.
250529_LC_002_L,905.5005379442892,191.00885791576204,0.5941499085923218,87.35822638364729,17.90758660655599,152.67189025878906,0.1598546411352751,118.0,345.0,13.932798850131736,13.06087723022902,1.0667582739300754,11.648452816564433,13.323030782848202,13.509983179816455,0.5451587308839788,0.7853981633974484,46.3384921251382,91.78658778229776,6.587806855578764,0.823022027512296,1.5707963267948966,274.8893571891069,0.8158185147966451,1.5707963267948966,231.6924582022472,L. chinense Mill.
250529_LC_003_L,523.2300109863262,114.8481510505078,0.6476190476190476,47.00763070583335,20.34837120771404,151.50828552246094,0.0649738610903659,57.0,128.0,10.48647410992125,9.612281223382016,1.090945413083915,4.4031998578991125,9.074172530855437,9.290237814187986,0.5683802498271007,1.5707963267948966,43.19689898685965,56.30859374999989,5.369640277538696,0.8318714275038062,2.356194490192345,140.58627124814325,0.8662479743354207,1.5707963267948966,58.904862254808606,L. chinense Mill.
250529_LC_004_1_L,593.9584597945234,160.65919011089164,0.3963636363636363,72.64612782746566,17.151142237708,173.54840087890625,0.2293650425008129,64.0,148.0,5.3057284385414,5.112145247427929,1.0378673104428846,9.271240234375016,3.3283183292951493,9.460449218750016,0.2855993436391216,0.7853981633974484,6.2831855600606765,79.46777343750014,14.977731023743589,0.8666462492661499,1.5707963267948966,125.66370614359172,0.8804726779139813,1.5707963267948966,167.28980880365646,L. chinense Mill.
250529_LC_004_2_L,1201.4932027677148,1.9829414153856668,0.4266055045871559,1.0412723964272494,0.3430550392942267,59.08929443359375,-5598.0,67.0,310.0,8.153329726119201,6.953735157525474,1.1725108220860987,10.249440428798968,11.00473453538355,11.18046159255622,0.8302780602550247,1.5707963267948966,29.059732108925864,128.97756538472268,15.81900520612369,0.8390197247539007,2.356194490192345,208.91591146372127,0.8520167576141963,1.5707963267948966,190.85175370558,L. chinense Mill.
250529_LC_005_1_L,1050.9650086227446,1.0336310442684329,0.3973799126637554,,,,-15738.0,65.0,291.0,35.734652396745034,32.73986617781783,1.0914721582141425,8.64471331039717,13.45239284667752,13.803576568411264,0.3272492349830859,1.5707963267948966,58.90486229695547,117.85561472136446,3.298076427688984,0.8467573949128738,1.5707963267948966,162.57741982327178,0.8962779041123823,1.5707963267948966,228.55086554865747,L. chinense Mill.
250529_LC_005_2_L,935.0326234494158,213.92774088239787,0.7974025974025974,82.26961090284256,23.77366923234048,147.61814880371094,0.3381073709494573,85.0,215.0,11.951365174278813,10.71438137985368,1.1154507899775752,5.567661856903763,7.797709782333953,7.970211764468885,0.4392904999573375,1.5707963267948966,25.918139497482915,102.39545036764731,8.567678158476673,0.8929051363339813,1.5707963267948966,234.83405085583703,0.8309284917103439,1.5707963267948966,172.0021977840412,L. chinense Mill.
250529_LC_006_1_L,616.8507915028913,3.636684750802656,0.7960526315789473,1.5903582995865977,1.0388611343413985,149.587646484375,-842.0833333333334,71.0,67.0,5.671994788429826,5.284415127984124,1.0733439086557066,18.15986242326935,12.43427602134482,18.25710100315407,0.4547042065164461,0.7853981633974484,8.639379923812477,59.26188070048069,10.448154998549656,0.8620223744606138,1.5707963267948966,70.68583470577033,1.0500431967161534,1.5707963267948966,96.60397409788612,L. chinense Mill.
250529_LC_006_2_L,2366.033656035333,459.2259952438978,0.7643207855973814,168.6540771121443,33.0166034251812,35.18641662597656,0.4602864762323702,92.0,479.0,10.45714794574237,10.254676520992382,1.0197443014741137,6.736047407956103,6.838299881510964,6.873567815486763,0.1472621714420897,0.7853981633974484,4.712389486146872,234.9287605572476,22.465854148396065,0.873107602964676,2.356194490192345,344.0043955680824,0.858407006755521,1.5707963267948966,304.7344873982099,L. chinense Mill.
250529_LC_006_3_L,662.9393683539491,126.09275425706674,0.7133757961783439,58.0727438131968,23.62810601790745,169.82456970214844,0.0416420689341991,34.0,54.0,13.348379614867522,12.839598080268988,1.039625970487378,15.368991456925864,2.0283307996578506,15.91964658349752,0.2873408038225343,0.7853981633974484,11.780972956723907,75.44596354166664,5.652069068940351,0.8294391819057165,1.5707963267948966,88.74999246391167,0.8650762379450152,1.5707963267948966,59.69026041820605,L. chinense Mill.
250529_LC_007_L,700.2918044500427,158.6168802265869,0.5966183574879227,69.1246752975113,16.35612784979091,155.29205322265625,0.0916187951097363,112.0,223.0,10.60442200745786,9.484421135312354,1.1180884796411583,13.657070341698176,15.588681488398246,15.6617685359444,0.5154175486808426,1.5707963267948966,32.98672311557392,74.70105787343776,7.044330923543227,0.8286878259469139,1.5707963267948966,210.4867077905161,0.8577850908995173,1.5707963267948966,186.13936472519524,L. chinense Mill.
250529_LC_008_L,1295.8104208756647,1.1336874572299165,1.0338541666666667,,,,-16130.5,69.0,322.0,8.405401064738626,7.956030999350386,1.056481688598867,19.797975583252143,11.50361155818102,20.119873598155035,0.3569991753980761,0.7853981633974484,11.780972788136513,133.07192501049474,15.831716295935337,0.921731429496628,1.5707963267948966,244.2588288166064,0.8297709409905244,2.356194490192345,146.8694565553228,L. chinense Mill.
250529_LC_009_L,595.89959122401,0.0,0.4792122538293216,,,,,114.0,196.0,5.1001490635092805,4.218743038426431,1.20892621737199,9.162141130132186,11.102647738436517,11.163981486175013,0.7666982071260804,1.5707963267948966,32.20132469929538,65.06223516949149,12.75692815235558,0.9498618813738372,1.5707963267948966,222.26768024147788,0.932068904754803,1.5707963267948966,309.4468763785946,L. chinense Mill.
250529_LC_010_L,629.97749784977,0.4122896946891519,0.5954692556634305,,,,-59297.0,157.0,311.0,8.403176551428698,7.061025384943172,1.19007879073024,10.858130451327112,13.511632469548386,13.770070292725045,0.7444920097123756,1.5707963267948966,71.47123293238806,72.95609419033003,8.681966128383452,0.8722932793478043,1.5707963267948966,409.977841293468,0.8865844298474262,1.5707963267948966,289.0265241302609,L. chinense Mill.
250529_LC_011_L,1155.7917972523824,0.5007932192481925,1.6196319018404908,,,,-107441.0,107.0,265.0,5.737009098089732,5.456771959716448,1.051355845624864,11.183680093003202,12.339982350536763,12.377883063927545,0.3546959542771683,0.7853981633974484,10.995574582592218,99.88835744902724,17.411225211807203,0.8750886944027125,2.356194490192345,283.52873698647886,0.8358655152623445,1.5707963267948966,208.1305133003238,L. chinense Mill.
250529_LC_012_L,1121.2240207220111,1.0476119248003393,2.220183486238532,,,,-18388.25,190.0,340.0,2.5079761867732877,2.156175525855782,1.1631595650256144,9.42409429443808,9.52516092752967,9.52516092752967,0.567232008068903,1.5707963267948966,10.210176145240252,115.80759186885622,46.175714298887335,0.9698236430616264,1.5707963267948966,479.0928796724435,0.8762098260402782,1.5707963267948966,280.387144332889,L. chinense Mill.
250529_LC_013_1_L,580.2170598564832,145.42090911361888,0.6337209302325582,52.526961349750536,22.853084578336173,160.73236083984375,0.1978995733508368,52.0,65.0,8.217944462259842,6.05958677591964,1.3561889228020234,13.148701908433022,12.586083400649228,16.068212584291814,0.589048626938383,1.5707963267948966,14.137167046521192,67.51422093405534,8.215463276018502,0.8165030411557628,1.5707963267948966,82.46680715673205,0.8655408331318818,1.5707963267948966,84.82300164692441,L. chinense Mill.
250529_LC_013_2_L,463.1879808786503,104.2508600414989,0.6147540983606558,55.22220353702498,18.81804531185962,1.3126647472381592,0.0660924591316576,35.0,42.0,7.444521024611149,7.1475555741828405,1.041547833709885,16.40471029876459,7.851243997166155,16.64183602585282,0.2748893687794902,0.7853981633974484,5.497787375589804,46.06099668397282,6.187234414638345,0.8337303580680605,1.5707963267948966,54.19247327442393,0.8674546879315098,1.5707963267948966,58.11946409141116,L. chinense Mill.
250529_LC_013_3_L,1040.416252849457,1.3917301966276818,0.4512195121951219,,,,-25045.0,45.0,111.0,4.413973785547454,4.076283410967605,1.0828427124746192,14.507472552010428,11.284583010191364,14.507472552010428,0.4229067098519873,0.7853981633974484,5.497787228075835,92.23576454186956,20.896309997099312,0.8988445647770796,1.5707963267948966,80.89601082993717,0.8796459430051421,1.5707963267948966,109.95574287564276,L. chinense Mill.
250529_LC_013_4_L,614.6303498850849,147.209849458132,0.4805825242718446,61.488907935267775,17.719011299577172,163.9398956298828,0.1387423935091277,42.0,122.0,6.894564575376821,6.3035932272792925,1.0937515043864274,14.724537562715328,11.069889304064246,15.691379839608915,0.2356194616632891,0.7853981633974484,4.712389233265782,70.48607040232916,10.223425951228656,0.8398316994744991,1.5707963267948966,84.82300164692441,0.8234013003360346,1.5707963267948966,102.1017612416683,L. chinense Mill.
250529_LC_013_5_L,1926.7304291596288,6.137227568090078,1.1630434782608696,2.5193198824599894,0.7430413587946479,116.16101837158205,-1388.0285714285717,48.0,312.0,87.6387067084892,82.84087072985925,1.0579162910331483,9.197681033561302,16.789830604315473,20.47147104251721,0.3222146437454463,1.5707963267948966,75.39822663643444,184.12536155407756,2.1009593645251963,0.8405707616526411,1.5707963267948966,203.41812431993915,0.8310229529724039,1.5707963267948966,200.2765316663493,L. chinense Mill.
250529_LC_013_6_L,425.8301064841322,109.66017213239328,1.0175438596491229,35.882094441932445,19.519553636935004,140.14715576171875,0.0592858934693536,26.0,69.0,20.58369990593787,19.517636905359456,1.0546204955931768,2.4188614306981178,11.655443018866553,11.982542778908671,0.3656163969458691,0.7853981633974484,21.205751022860408,48.70013717715816,2.3659564315310204,0.8274730650080259,1.5707963267948966,46.33849164044945,0.8501732696570317,1.5707963267948966,82.46680715673207,L. chinense Mill.
250529_LC_013_7_L,647.8990602099193,145.23344897157074,0.7241379310344828,52.87172862074586,21.57433439384805,153.12110900878906,0.1773813530797711,40.0,110.0,18.167418257931544,16.376912001106767,1.109331127669476,9.283342747525726,12.358561754226672,12.981522760607966,0.5854786339615051,1.5707963267948966,32.20132486788278,67.70241477272721,3.726584251626928,0.8302780584487311,1.5707963267948966,87.17919613711678,0.8022884464812641,1.5707963267948966,74.61282552275756,L. chinense Mill.
250529_LC_013_8_L,900.7133899736019,173.98479862937404,0.4937238493723849,71.74947992637695,22.906209944253963,161.59121704101562,0.2113359201773835,27.0,130.0,9.857534948085457,7.921740514930782,1.2443647869437424,10.844582589758584,12.52982133524888,12.940225679027233,0.8395635547032527,1.5707963267948966,24.34734308639433,76.79742631248772,7.790733354427864,0.8655408331318818,1.5707963267948966,127.23450247038662,0.8150358299407481,1.5707963267948966,86.3937979737193,L. chinense Mill.
250529_LC_013_9_L,1020.1935590183888,3.5160221484338137,1.0273972602739727,1.1850933089505795,0.9449746806261154,0.0,-1285.4,40.0,119.0,34.00546483511007,28.72456395348838,1.183846163519581,12.699815742575232,14.567149755874656,18.449388548385272,0.367633192955232,1.5707963267948966,34.55752013779181,95.46693313953492,2.8073997400843327,0.8294391819057165,1.5707963267948966,88.74999246391167,0.8811784272264056,1.5707963267948966,108.38494654884788,L. chinense Mill.
250529_LC_014_1_L,248.02594866071476,0.0,0.8840579710144928,,,,,34.0,41.0,5.023942786666419,4.809649575984303,1.044554849016887,11.783509509904055,5.981200741870069,11.957036427089156,0.307329727106875,0.7853981633974484,7.068583723458126,38.577008928571466,7.678632215111034,0.8582701579394796,1.5707963267948966,83.25220532012952,0.8607103160519981,1.5707963267948966,62.83185307179586,L. chinense Mill.
250529_LC_014_2_L,1138.179122937999,1.0069317502556918,0.5701357466063348,,,,-17960.0,77.0,251.0,27.94018611359546,26.3136192478142,1.061814638665351,14.85535582794607,18.10617116963493,18.50227846819514,0.3863652342095886,0.7853981633974484,47.90928904198899,93.62908894930942,3.351054590998243,0.8193613272200406,1.5707963267948966,151.58184553570752,0.8522405602823376,3.141592653589793,200.2765316663493,L. chinense Mill.
250529_LC_014_3_L,308.29249112484365,89.40277159418426,0.7267080745341615,26.335242783889477,19.35522768892337,176.71292114257812,0.0994076268048871,61.0,38.0,3.125066501085295,3.0312660281510904,1.0309443222940806,8.035759589640831,5.336750507275136,8.035759589640831,0.2243994872983705,0.7853981633974484,3.141592822177188,36.13442025990443,11.562768423441682,0.8707675289841272,1.5707963267948966,80.11061266653971,0.7958701389094142,1.5707963267948966,59.69026041820607,L. chinense Mill.
250529_LC_015_1_L,1769.7730817292872,0.9013285296724032,1.37417943107221,,,,-34854.5,107.0,465.0,66.27773298121461,63.4871044626841,1.0439558323245115,10.44970399847156,24.76620125143152,26.34913317467037,0.2986018705090108,1.5707963267948966,93.46238546932038,140.2138157894737,2.115549362999714,0.8185548140949659,1.5707963267948966,310.23227454199207,0.8286616215506978,2.356194490192345,195.56414268596467,L. chinense Mill.
250529_LC_015_2_L,919.7314519007213,2.71383056932458,0.5642633228840125,1.0825661868881589,0.5853900702438268,158.79763793945312,-2243.137931034483,99.0,143.0,12.41415266642483,10.322678939181902,1.2026095880309036,16.81374163628767,21.23666921966424,21.448058558543977,0.7727304510845863,1.5707963267948966,47.909287967244346,74.30944439986736,5.985865197295648,0.8229970116451983,1.5707963267948966,154.7234381892973,0.8453014131481011,2.356194490192345,99.74556675147592,L. chinense Mill.
250529_LC_016_L,1254.7718503190763,0.8559946466452639,1.7572254335260116,,,,-27398.5,96.0,335.0,3.9925419085310505,3.5872713141964856,1.1129746146411403,9.550750740259286,9.885061962255987,9.918140679657238,0.4283990039640875,1.5707963267948966,9.424778087209926,119.54272685808074,29.94150834150249,0.8590292412159589,1.5707963267948966,302.3782929080176,0.8060665361184338,1.5707963267948966,214.4136986075034,L. chinense Mill.
250703_PC_002,33739.98145,1704.740432,0.822878229,835.5376175,244.0242202,42.91597366,0.581833963,67.0,515.0,214.0441684,210.457317,1.01704313,17.47445678,35.04670123,37.35433696,0.124010254,0.785398163,18.84955858,886.6525424,4.142381214,0.792715538,1.570796327,255.2544031,0.8137008,1.570796327,270.9623664,P. × hybrida ‘Dreams Red’
250703_PC_003,8823.380329,756.2818439,0.259026688,289.327372,79.34246797,174.5746002,0.469953936,70.0,450.0,21.2838496,19.8147076,1.074144016,35.72205905,37.78481292,38.33985627,0.620051185,0.785398163,23.56194503,394.0204327,18.5126488,0.826375459,1.570796327,190.0663555,0.806915921,1.570796327,176.7145868,P. × hybrida ‘Dreams Red’
250703_PC_005,3245.845232,2.32566985,0.354200988,,,,-10801.0,61.0,453.0,13.30846135,12.43079681,1.070604045,22.08002806,23.34782371,23.64846385,0.383972435,0.785398163,17.27875959,207.2066156,15.56953957,0.801380103,1.570796327,275.6747554,0.818123087,1.570796327,196.3495408,P. × hybrida ‘Dreams Red’
250703_PC_006,13368.48021,919.2002921,0.520661157,352.7723793,89.90976043,156.7471008,0.444676514,66.0,435.0,82.24798915,75.48448502,1.089601249,53.87064346,16.48036439,56.84596317,0.574198663,1.570796327,68.32964091,472.4359131,5.744042109,0.797998134,1.570796327,298.4513021,0.796120323,1.570796327,233.2632545,P. × hybrida ‘Dreams Red’
250703_PC_007,9897.426145,814.3313043,0.422487223,364.1456527,78.51475143,20.35597992,0.446332538,91.0,396.0,57.71825327,51.69582816,1.116497314,15.93404709,16.38109545,17.04624577,0.690459925,1.570796327,62.83185314,404.2529507,7.003901328,0.79017262,1.570796327,259.9667921,0.811318895,1.570796327,245.8296251,P. × hybrida ‘Dreams Red’
250703_PC_008,5898.632634,2.281113768,0.388601036,,,,-18136.5,70.0,457.0,60.3250503,55.70076364,1.083020166,12.40733669,18.09522118,18.53689394,0.305118711,1.570796327,42.41150084,338.324871,5.608364507,0.831109168,1.570796327,157.0796327,0.794638142,1.570796327,202.6327262,P. × hybrida ‘Dreams Red’
250703_PC_009,4015.283314,5.156065241,0.481276006,1.837592968,1.082808965,137.9960175,-2722.377778,69.0,548.0,21.92237365,20.66030699,1.06108654,17.98093022,20.13344219,20.46602302,0.4735489,0.785398163,32.20132521,237.5531915,10.83610723,0.803853995,1.570796327,307.8760801,0.790031781,1.570796327,267.8207737,P. × hybrida ‘Dreams Red’
250703_PC_010_2,2807.5141005,2.610522036,0.9047113265,1.210559259,0.698916702,0.0,-7580.916666499999,52.5,286.5,35.89037228,33.756015965,1.0687876195000001,16.3811386,19.05560568,20.081481715,0.354995937,1.178097245,31.023228435,164.21901235,4.4484460304999995,0.7934661949999999,1.570796327,184.96126749,0.7961781379999999,1.178097245,157.07963265,P. × hybrida ‘Dreams Red’
250703_PC_011,10548.17352,2.430679519,0.570422535,,,,-28564.5,79.0,552.0,47.70579112,44.9285491,1.061814639,30.89620218,34.95757632,35.74200302,0.473023901,0.785398163,41.62610331,400.0390625,8.385545089,0.806529953,1.570796327,359.7123588,0.79521564,1.570796327,318.0862562,P. × hybrida ‘Dreams Red’
250703_PC_012,6692.394381,2.554991442,0.194892473,1.00106051,0.707856643,0.0,-15025.0,87.0,527.0,84.2452608,77.86995412,1.081871201,28.52540286,38.38444582,38.70767307,0.298719814,1.570796327,69.90043658,348.0353708,4.131216017,0.82315769,1.570796327,171.2167996,0.892641286,2.35619449,222.2676802,P. × hybrida ‘Dreams Red’
250703_PC_013_3,6934.03468,348.9364108,2.054347826,174.3626994,26.89066114,73.55369568,0.201554908,30.0,220.0,49.85869596,42.51453818,1.16165795,14.57948088,23.65317005,28.46298812,0.625656168,1.570796327,29.05973207,279.4287983,3.634685722,0.785398163,0.785398163,89.53539063,0.828499282,1.570796327,135.8738823,P. × hybrida ‘Dreams Red’
250703_PC_014,14757.57504,973.5393132,0.390041494,380.8782889,100.4847133,13.33966541,0.437654483,66.0,569.0,103.1034654,89.31863704,1.154333169,22.85199375,32.78708055,34.72480734,0.63905068,1.570796327,102.8871595,509.5559168,4.942180314,0.793866068,1.570796327,294.5243113,0.802638611,1.570796327,329.0818305,P. × hybrida ‘Dreams Red’
250703_PC_015,3700.271606,2.320194086,0.576631259,10.95562667,0.387081075,134.9641876,-16495.66667,68.0,489.0,49.72066362,46.88556196,1.060468544,19.80366051,28.14625978,28.42223555,0.42333519,1.570796327,59.69026172,213.0078125,4.284090296,0.789076843,1.570796327,336.9358121,0.795571715,1.570796327,307.0906819,P. × hybrida ‘Dreams Red’
250703_PC_016,7678.253382,11.8009252,0.374789916,5.28075273,1.33721807,28.43167114,-1453.6,78.0,527.0,29.9795443,27.34435714,1.096370419,32.53376194,37.06822156,39.6353335,0.609084292,1.570796327,29.84513031,440.7899847,14.70302484,0.79029161,1.570796327,253.6836068,0.809564261,1.570796327,263.1083847,P. × hybrida ‘Dreams Red’
250708_PC_001,13342.14352,9.411438426,2.832599119,3.370095732,1.822263311,83.16587067,-3121.222222,91.0,488.0,31.24046833,26.37114842,1.184645729,37.53581818,30.24009181,37.7626081,0.685134569,1.570796327,32.20132474,487.7902462,15.61405037,0.78754406,1.570796327,288.241126,0.796306471,1.570796327,57.33406593,P. × hybrida ‘Dreams Red’
250825_PC_001,4623.238668,420.4536619,0.420345489,205.8133639,36.57782444,164.3066559,0.0845140574,95.0,363.0,38.59934916,34.04046283,1.13392551,22.06008551,26.11120066,27.31211009,0.554398705,1.570796327,56.54866787,224.7595645,5.822884826,0.787915465,1.570796327,245.8296251,0.78882785,1.570796327,180.6415776,P. × hybrida ‘Dreams Red’
250825_PC_002,5148.313532,6.818761766,0.517857143,3.398135343,1.046668044,141.2220917,-2403.333333,78.0,341.0,31.46922759,29.34223499,1.072489113,17.41047623,24.89091387,25.31115129,0.463513676,0.785398163,28.27433422,273.3057776,8.684858148,0.79017262,1.570796327,259.9667921,0.804911161,1.570796327,259.1813939,P. × hybrida ‘Dreams Red’
250825_PC_003,9799.068693,2.139610781,2.713235294,,,,-34247.0,104.0,609.0,26.35115583,22.40533697,1.176110668,24.85338941,20.70326293,29.3110342,0.49604095,1.570796327,28.27433418,405.4661293,15.38703395,0.797574879,1.570796327,308.6614782,0.808573847,3.141592654,246.6150233,P. × hybrida ‘Dreams Red’
250708_PA_001,7597.55449,587.3299587,1.168900804,210.5635122,67.08763335,127.8153,0.309529885,110.0,298.0,65.64412715,61.72134026,1.063556411,35.50858311,44.12970695,47.48304172,0.214199515,1.570796327,23.56194661,293.0645201,4.464443855,0.837182658,1.570796327,228.5508655,0.854165745,1.570796327,185.3539666,P. alkekengi var. franchetii
250708_PA_002,4522.190803,4.069096023,0.851657941,1.629001675,1.022580297,108.7716293,-4060.352941,91.0,460.0,22.4731755,20.12725117,1.11655463,32.33478134,24.60971922,34.85912852,0.486725629,1.570796327,34.55751963,244.6653717,10.886996,0.794297859,1.570796327,280.3871443,0.824408006,1.570796327,248.9712178,P. alkekengi var. franchetii
250708_PA_003_1,7246.074083,664.5065135,0.212518195,251.2368353,61.195938,173.7783508,0.356323478,68.0,483.0,23.35136958,20.0323081,1.165685425,28.57669395,32.02187986,32.32997686,0.600598596,1.570796327,30.63052837,332.5363144,14.24054865,0.826849733,1.570796327,297.6659039,0.802787053,1.570796327,217.5552913,P. alkekengi var. franchetii
250708_PA_004,6497.453329,509.2069533,0.713963964,175.8696723,73.87434075,31.17139244,0.270064318,93.0,272.0,17.36987591,16.3586706,1.061814639,34.07772698,44.42507574,44.72364115,0.509447464,0.785398163,18.84955615,229.8786641,13.23432966,0.821246212,1.570796327,197.9203372,0.793904281,1.570796327,219.9114858,P. alkekengi var. franchetii
250708_PA_005,2221.484888,290.1940119,0.386666667,118.2409787,32.82134302,170.3963165,0.115555016,126.0,273.0,9.050779098,7.68092171,1.178345443,26.53952546,27.37618222,27.48334524,0.661387928,1.570796327,25.13274127,137.5668244,15.19944558,0.846888411,1.570796327,237.9756435,0.858176372,1.570796327,222.2676802,P. alkekengi var. franchetii
250708_PA_006,2655.00364,316.4175707,0.391459075,128.7269066,35.35836523,167.7907104,0.12765681,120.0,283.0,10.86110841,8.758685896,1.240038579,13.47055134,15.78929619,16.025886,0.919490533,1.570796327,37.69911186,149.4726929,13.76219509,0.859544144,1.570796327,245.8296251,0.859029241,1.570796327,219.9114858,P. alkekengi var. franchetii
250708_PA_007,2194.529913,289.7925539,0.413793103,106.9025515,37.9156955,172.0805206,0.162518449,74.0,272.0,6.91647933,6.303448278,1.097253285,16.89557586,20.24375415,20.34660277,0.408407045,1.570796327,10.21017612,143.9888903,20.81823474,0.86482045,1.570796327,153.93804,0.807584552,1.570796327,142.9424657,P. alkekengi var. franchetii
250708_PA_008,7672.532338,6.235708773,1.392491468,2.336877392,1.82911283,99.00967407,-2844.294118,62.0,310.0,19.40703602,18.27723532,1.061814639,26.13100912,31.18972446,31.54163895,0.504898825,0.785398163,14.13716711,322.7386217,16.62998004,0.833426109,1.570796327,231.6924582,0.824424159,1.570796327,132.7322896,P. alkekengi var. franchetii
250708_PA_009,8670.05913,4.312545035,0.596273292,1.689680233,1.194784296,90.0,-6831.75,73.0,323.0,91.2867828,88.85604779,1.027355876,31.36677626,40.88356305,41.9005728,0.196349556,0.785398163,23.56194676,385.8103198,4.226354659,0.826933643,1.570796327,172.0021978,0.894145601,1.570796327,232.4778564,P. alkekengi var. franchetii
250708_PA_010,5110.810106,459.0281332,0.379549393,157.1334523,57.77817831,1.523445487,0.297225609,79.0,313.0,13.13916411,11.29697729,1.163069003,25.81891672,28.0418206,28.4065231,0.551901415,1.570796327,20.42035235,200.7648256,15.27987808,0.808573847,1.570796327,246.6150233,0.83279288,1.570796327,193.2079482,P. alkekengi var. franchetii
250821_PA_001,2666.331899,269.3399442,0.613466334,90.83624343,48.29776297,169.7786407,0.180175359,82.0,170.0,23.83984767,22.87020191,1.042397779,10.67456707,23.95628478,24.35548028,0.270826966,0.785398163,23.56194606,128.7408315,5.400237171,0.792442093,1.570796327,176.7145868,0.828433679,1.570796327,181.4269757,P. alkekengi var. franchetii
250821_PA_002,1172.354433,1.242517313,0.882242991,0.465642435,0.364466084,9.009681702,-10949.0,152.0,245.0,31.77756786,30.84087423,1.030371825,5.669453123,15.8658849,16.5148431,0.220659499,0.785398163,46.33849478,83.61211617,2.63116789,0.793060585,1.570796327,162.5774198,0.79117315,1.570796327,215.1990968,P. alkekengi var. franchetii
250821_PA_003,5004.140764,449.6050307,0.426512968,212.7761741,46.93961938,164.315506,0.146170356,146.0,431.0,19.14419563,17.17582964,1.114600926,24.48261464,30.51108889,31.51277121,0.496648839,1.570796327,33.77212105,229.899722,12.0088473,0.817564641,1.570796327,239.5464398,0.805623009,1.570796327,375.4203221,P. alkekengi var. franchetii
250821_PA_004,4194.220037,5.906834172,0.385017422,2.208376925,0.829460784,9.041915894,-3184.72973,93.0,344.0,17.05750681,14.49417343,1.176852678,15.67939705,17.5288301,17.7118039,0.599758599,1.570796327,32.98672293,209.9471624,12.30819748,0.817160589,1.570796327,222.2676802,0.815866196,1.570796327,189.2809574,P. alkekengi var. franchetii
250821_PA_005,6883.852032,535.8210935,0.522954092,254.1698109,50.57090533,155.8861389,0.157229734,72.0,312.0,31.01505701,28.15177283,1.101708841,20.31919653,24.03128321,24.68066309,0.49664884,1.570796327,33.77212109,244.1740925,7.872759753,0.836619783,1.570796327,230.90706,0.82180735,1.570796327,248.1858196,P. alkekengi var. franchetii
250821_PA_006,1340.871811,192.2096531,0.81838565,70.67828655,29.65327799,145.312027,0.0936370758,123.0,261.0,16.84888927,16.0771019,1.048005379,9.367435392,13.38336544,14.15812716,0.317501397,0.785398163,29.84513135,92.83203125,5.509682555,0.801264793,1.570796327,158.650429,0.802472037,1.570796327,184.5685684,P. alkekengi var. franchetii
250821_PA_007,960.4674978,154.7746126,0.566666667,68.72555284,25.56912624,0.563510716,0.0388187308,99.0,120.0,22.75288411,21.24738654,1.070855659,23.44743342,2.938786094,23.84245037,0.377238499,1.570796327,47.90928938,71.02041966,3.121380978,0.809095522,1.570796327,187.7101611,0.79767001,1.570796327,153.1526419,P. alkekengi var. franchetii
250821_PA_008,5729.284966,506.8043273,0.877232143,219.0815216,52.56997153,142.2048645,0.259556451,77.0,292.0,114.5452075,111.8573516,1.024029318,8.300449993,27.10869336,28.59443914,0.149261206,1.570796327,32.98672661,245.8516642,2.146328682,0.810275028,1.570796327,179.0707813,0.800147425,1.570796327,170.4314015,P. alkekengi var. franchetii
250821_PA_009,3847.679099,373.9785991,0.69261477,157.7707293,43.96948533,148.9365387,0.191544171,93.0,309.0,37.34450361,35.03921932,1.065791543,26.92567277,35.71417355,37.46940849,0.452842193,0.785398163,50.26548338,175.281277,4.693629855,0.802349203,1.570796327,223.0530784,0.7945307,1.570796327,204.9889206,P. alkekengi var. franchetii
250821_PA_010,1042.324129,2.83305394,1.013888889,1.17465163,0.511590809,132.5761261,-2686.176471,61.0,237.0,7.810243872,7.437977531,1.050049404,8.622680845,12.7206252,12.77741759,0.336599224,0.785398163,16.49336198,81.27717987,10.40648425,0.791370773,1.570796327,208.1305133,0.834294547,2.35619449,214.4136986,P. alkekengi var. franchetii
250821_PA_011,8994.954935,664.5095731,1.097674419,292.0489637,50.73216361,136.8992615,0.247895648,83.0,366.0,42.46298624,39.28260133,1.080961667,19.23100148,25.21482457,25.75394701,0.419596288,1.570796327,30.63052905,331.3905972,7.804222609,0.807522055,1.570796327,229.3362637,0.81954591,2.35619449,188.4955592,P. alkekengi var. franchetii
250821_PA_013,5081.252208,501.2281371,0.806772908,168.0794064,72.44991285,36.53970337,0.420387642,87.0,385.0,48.8887235,45.05468852,1.085097359,38.19908128,3.468435347,40.22194332,0.347635264,1.570796327,42.41150215,264.0893633,5.401846159,0.809118242,1.570796327,241.1172362,0.83126083,1.570796327,227.7654674,P. alkekengi var. franchetii
250821_PA_014,4406.118849,409.4232454,0.808988764,143.0419515,59.37328887,37.17739105,0.24067454,97.0,165.0,64.57769201,62.05101929,1.040719278,25.41581266,44.13124155,45.78324403,0.204079853,0.785398163,25.91814131,173.2308649,2.682518677,0.793060585,1.570796327,162.5774198,0.813118099,2.35619449,138.2300768,P. alkekengi var. franchetii
250821_PA_015,3659.89228,345.4627841,0.368121442,166.0310166,39.15991107,179.4405365,0.126551319,117.0,263.0,8.922332083,7.021996554,1.270626098,29.23662848,31.5102436,31.73760529,0.759218227,1.570796327,22.77654682,161.4099861,18.09056025,0.841079376,1.570796327,225.4092729,0.810836161,1.570796327,200.2765317,P. alkekengi var. franchetii
250821_PA_016,2422.956648,300.247198,0.851449275,111.4573191,41.75611157,144.5913086,0.207873534,85.0,338.0,32.15953327,30.45178063,1.056080551,22.36907626,26.77276574,27.59564637,0.375869132,1.570796327,52.62167842,143.4193633,4.459622037,0.801647781,1.570796327,232.4778564,0.793174383,1.570796327,240.331838,P. alkekengi var. franchetii
250821_PA_017,5007.967761,466.3256216,0.787383178,222.7550333,38.6297173,148.1077881,0.135168902,90.0,297.0,47.03624047,45.28787078,1.038605694,14.52546089,21.22765723,22.0110156,0.261799401,0.785398163,25.13274251,229.8079492,4.885763548,0.813227232,1.570796327,206.559717,0.820727493,2.35619449,237.1902453,P. alkekengi var. franchetii
250821_PA_018,7901.365723,8.365933035,0.625835189,4.69032537,0.833412713,132.7459259,-3661.842105,105.0,328.0,54.38267409,48.43177,1.12287191,29.60295034,43.88818149,44.54307755,0.601581575,1.570796327,56.54866806,302.5895362,5.564079761,0.847676432,1.570796327,192.42255,0.822161482,1.570796327,193.2079482,P. alkekengi var. franchetii
250821_PA_019,5437.147773,483.2764456,0.411877395,172.2681396,58.44536297,11.26338196,0.328600052,66.0,302.0,23.67819922,20.45071584,1.157817624,25.55502053,28.1752223,29.62231492,0.46282392,1.570796327,25.91813952,222.7391098,9.406927773,0.812480859,1.570796327,212.0575041,0.813199868,1.570796327,183.7831702,P. alkekengi var. franchetii
250528_SN_001,6533.461897,6.729333947,3.455645161,2.671281615,0.41483916,74.38194275,-8215.75,87.0,601.0,7.306619602,6.562777793,1.113342525,36.45411945,34.55085712,36.92624289,0.490873857,1.570796327,11.78097256,274.1451893,37.52011248,0.804596785,1.570796327,362.0685533,0.844009967,3.141592654,226.1946711,S. nigrum
250528_SN_002,5483.475217,519.7496711,4.472527473,234.2879553,35.90602863,83.88990021,0.134635335,96.0,413.0,8.948468153,7.548085654,1.185528167,3.215653538,7.338489368,7.391266873,0.649984688,1.570796327,18.84955594,248.4734329,27.76714726,0.806418552,1.570796327,331.438025,0.815866196,1.570796327,189.2809574,S. nigrum
250528_SN_003,4875.083371,420.4559136,1.886685552,161.4608291,46.50229354,62.00053024,0.224083323,119.0,346.0,42.93148743,40.25786665,1.066412381,31.29279232,38.99696726,41.76993583,0.409292011,1.570796327,58.1194655,205.7072809,4.791524663,0.796586171,1.570796327,279.6017462,0.820753708,1.570796327,255.2544031,S. nigrum
250528_SN_004,3792.97419,379.2882961,0.270175439,148.7242552,36.96644838,1.738793135,0.163197607,64.0,305.0,22.70774224,19.91346282,1.140321121,29.37038993,32.1835808,32.45299317,0.501782161,1.570796327,36.12831556,175.0070069,7.706931189,0.805536578,1.570796327,219.9114858,0.805851241,2.35619449,154.7234382,S. nigrum
250528_SN_005,10110.94445,701.0570847,2.024615385,263.6122147,67.0718195,62.79324341,0.289388405,86.0,437.0,62.53930105,59.26312674,1.055281834,44.03853557,43.28767793,50.5289645,0.328927448,1.570796327,38.48451146,371.7578125,5.944387069,0.800712334,1.570796327,287.4557278,0.827526801,1.570796327,215.9844949,S. nigrum
250528_SN_006,4452.282354,435.9879637,1.484337349,164.8882065,43.76660343,55.78731537,0.206388309,158.0,258.0,7.152458639,6.609581773,1.082134829,10.4920344,13.24701455,13.92534756,0.422906706,0.785398163,10.99557435,203.758933,28.48795684,0.798415813,1.570796327,289.0265241,0.801361541,1.570796327,197.134939,S. nigrum
250528_SN_007,5328.417665,490.3512736,1.378313253,184.393437,45.43468827,52.56867599,0.233508068,144.0,356.0,24.46720368,22.94241766,1.066461436,38.56328719,28.95276786,40.21440758,0.404249064,0.785398163,27.48893635,251.7623547,10.28978865,0.830618058,1.570796327,274.103959,0.824668072,1.570796327,214.4136986,S. nigrum
250528_SN_008,8597.801518,635.8780095,0.427561837,266.9768438,56.55535277,18.40277481,0.272319214,84.0,324.0,22.22760832,18.96594762,1.171974571,25.89108103,29.9998775,30.3262575,0.529687137,1.570796327,22.77654691,296.357114,13.33283859,0.830202757,1.570796327,247.4004215,0.847240538,1.570796327,215.1990968,S. nigrum
250528_SN_009,6622.744805,642.8995859,2.389067524,213.4894069,81.71998632,84.27114868,0.438426621,111.0,411.0,21.77823289,19.86958782,1.096058615,14.48707077,12.28549435,15.71526773,0.414119036,1.570796327,22.77654697,301.6089214,13.84909983,0.823957763,1.570796327,318.8716543,0.837306663,1.570796327,291.3827186,S. nigrum
250827_SN_001,5501.151702,544.5903355,1.791122715,217.1470251,47.64949404,120.1079254,0.291849462,51.0,501.0,56.37488229,54.12449886,1.041577908,29.23128493,36.24766595,36.83503461,0.286641678,0.785398163,39.26990994,272.6161859,4.835773927,0.825333663,3.141592654,292.1681168,0.800263744,2.35619449,253.6836068,S. nigrum
250827_SN_002,4697.799847,427.6658283,0.723642173,192.2074466,40.52117193,145.9025421,0.099128672,62.0,356.0,25.2314716,23.45834524,1.075586165,21.24958727,24.58880377,24.96743999,0.440589221,1.570796327,36.12831615,196.061453,7.770512008,0.800798127,1.570796327,285.8849315,0.79782535,1.570796327,252.1128105,S. nigrum
250827_SN_003,6787.469266,583.0006022,2.57278481,219.5878191,63.37361814,105.2410278,0.358950405,70.0,476.0,31.64744964,29.99630456,1.05504495,30.73389409,32.85611968,33.20662327,0.355299179,0.785398163,29.84513103,278.3621516,8.795721448,0.803705813,1.570796327,344.7897937,0.798148134,1.570796327,245.8296251,S. nigrum
250827_SN_004,4648.927449,463.6533554,0.289570552,213.3452705,37.38361346,172.2440796,0.228105288,76.0,595.0,25.94790069,22.87953462,1.134109636,21.27243636,22.74984852,22.96456696,0.479092881,1.570796327,47.90928809,256.4696828,9.884024374,0.801663806,1.570796327,270.9623664,0.812480859,1.570796327,235.619449,S. nigrum
250827_SN_005,3857.043968,405.9632146,0.29519774,157.0344765,42.11530741,171.1282196,0.256394187,82.0,456.0,20.8374353,19.20983469,1.084727466,9.518931082,14.01145041,14.41910079,0.512690473,1.570796327,36.91371406,199.4239208,9.570463825,0.800884888,1.570796327,284.3141351,0.793385263,1.570796327,234.0486527,S. nigrum
250827_SN_006,9132.143502,562.7396969,0.818320611,223.6865772,60.48392107,147.5256042,0.1488589,99.0,417.0,51.76200583,50.08878638,1.033405071,17.0402572,35.36426544,35.78692889,0.239034238,0.785398163,32.98672484,286.4341819,5.533676242,0.791117082,1.570796327,325.9402378,0.790759243,1.570796327,231.6924582,S. nigrum
250827_SN_007,2459.080478,307.1237831,2.693140794,131.1651819,30.03412363,105.7387848,0.172881017,81.0,406.0,4.19068829,3.635918656,1.152580321,7.268742815,8.296485344,8.685828518,0.499798832,1.570796327,10.99557431,145.2986997,34.67179842,0.79017262,1.570796327,259.9667921,0.79100815,1.570796327,221.4822821,S. nigrum
250827_SN_008,3577.936639,391.3071539,0.22235434,178.7388553,30.68972911,1.535982728,0.120189958,90.0,500.0,10.77223932,9.520405007,1.131489607,28.0891334,29.4810104,29.63352854,0.455530935,1.570796327,22.77654676,189.0022248,17.54530504,0.804369134,1.570796327,333.0088213,0.81954591,1.570796327,282.7433388,S. nigrum
250827_SN_009,5229.415231,522.0895764,1.613733906,199.5252778,45.11329308,124.0609589,0.282057555,152.0,414.0,58.01411382,56.90826964,1.019432047,28.85696899,34.10725077,34.49294567,0.140249689,0.785398163,23.56194777,255.5582682,4.405105093,0.797780567,1.570796327,354.2145717,0.800137539,1.570796327,298.4513021,S. nigrum
250827_SN_010,19038.86445,906.2880436,1.49898167,465.4050572,78.60255412,115.2967529,0.184551729,73.0,515.0,123.7202561,118.0656142,1.047894063,5.422878532,40.51548337,41.63721151,0.299547219,1.570796327,64.40265218,465.3459821,3.761275614,0.812480859,1.570796327,400.5530633,0.82215325,1.570796327,333.7942194,S. nigrum
250827_SN_011,5402.482095,484.1745947,1.758542141,213.3177951,40.91697888,120.2429886,0.228590503,88.0,392.0,49.97165099,47.48026197,1.052472099,25.48966159,31.22791082,31.71046985,0.293281605,1.570796327,46.33849354,220.9620007,4.421747057,0.793331478,1.570796327,314.1592654,0.792307825,1.570796327,270.1769682,S. nigrum
250827_SN_012,1753.639024,233.2668761,0.505219207,99.85775558,25.81271741,164.2158203,0.0765518389,69.0,299.0,11.40482708,10.97155601,1.039490394,23.68333273,13.96789699,24.07387938,0.288513624,0.785398163,14.13716755,117.6848959,10.31886719,0.822526077,2.35619449,226.1946711,0.807967076,2.35619449,140.5862712,S. nigrum
250827_SN_013,4924.520559,467.2455728,0.247657296,188.254717,41.45472707,174.8092346,0.241733312,78.0,442.0,19.50089438,16.89663222,1.154129067,6.299225907,12.61420622,12.90789836,0.61086524,1.570796327,38.48451013,224.086453,11.49108592,0.80514281,1.570796327,288.241126,0.803075936,1.570796327,249.756616,S. nigrum
250827_SN_014,5077.046385,488.3638787,1.622166247,205.3260263,40.21559949,124.5542984,0.224823528,95.0,335.0,34.73861545,34.57254393,1.004803567,33.29507977,33.77361246,33.9315617,0.03611028,0.785398163,3.141594361,237.5458284,6.838091424,0.785398163,0.785398163,253.6836068,0.795246416,1.570796327,253.6836068,S. nigrum
250827_SN_015,3306.181489,356.6645298,1.364522417,144.7527314,34.96203624,129.9586334,0.185398175,67.0,421.0,22.1673205,21.38802715,1.036435962,25.44926779,31.6893139,31.91178318,0.233948403,0.785398163,21.99114988,179.3255974,8.089637961,0.796231242,1.570796327,346.3605901,0.785398163,0.785398163,267.8207737,S. nigrum
250827_SN_016,1525.607918,283.0354372,0.775137112,120.4699734,22.77805586,147.3332672,0.288858668,72.0,393.0,27.31371494,25.43602174,1.073820239,10.70498801,13.83853764,14.22975905,0.418879029,1.570796327,50.26548351,143.3536305,5.248412047,0.807626413,2.35619449,256.8251994,0.793048146,1.570796327,244.2588288,S. nigrum
250827_SN_017,10696.61581,667.1115736,0.487261146,307.4773414,58.8998316,157.4179688,0.0766548196,77.0,376.0,38.35169664,35.11600651,1.092142884,40.34592893,47.06073203,47.36616801,0.467262201,1.570796327,36.91371391,310.5535679,8.097518365,0.835378047,1.570796327,275.6747554,0.821449227,1.570796327,250.5420141,S. nigrum
250827_SN_018,3554.613042,362.132055,0.303907381,158.7761436,34.92443032,7.170692444,0.0852787825,103.0,445.0,22.8904264,19.45008158,1.17688074,19.74565655,23.37165811,23.58244554,0.589048623,1.570796327,54.19247336,184.7822578,8.072469014,0.806561587,1.570796327,269.39157,0.798665024,1.570796327,236.4048472,S. nigrum
