analysis,display_name,gene_scope,taxa,unique_pairwise_distances,exact_label_permutations,spearman_r,spearman_p_greater,spearman_p_two_sided,pearson_r,pearson_p_greater,pearson_p_two_sided,mean_pairwise_distance,max_pairwise_distance,brugmansia_mean_distance_to_other5
archived_tree,Archived tree,rbcL+matK,6,15,720,0.7749999999999999,0.044444444444444446,0.044444444444444446,0.8653074389614114,0.04583333333333333,0.04583333333333333,0.17038826666666662,0.474979,0.46143239999999996
raw_as_stored,Raw sequences as stored,rbcL+matK,6,15,720,0.7714285714285712,0.041666666666666664,0.041666666666666664,0.8618090808627471,0.041666666666666664,0.041666666666666664,0.9004946926333335,2.6598584814,2.6369596653
feature_oriented,"Original accessions, feature-oriented",rbcL+matK,6,15,720,-0.24285714285714283,0.6763888888888889,0.5680555555555555,-0.12755923198225738,0.5597222222222222,0.725,0.026580305166666665,0.0406907409,0.0228679615
minimal_corrected,Minimally corrected,rbcL+matK,6,15,720,-0.24285714285714283,0.6763888888888889,0.5680555555555555,-0.12755923198225738,0.5597222222222222,0.725,0.026580305166666665,0.0406907409,0.0228679615
standardized_hybrid,Standardized hybrid,rbcL+matK,6,15,720,-0.10357142857142855,0.5416666666666666,0.7819444444444444,-0.0800544174383757,0.48055555555555557,0.8388888888888889,0.024533043546666657,0.0356809617,0.022035472519999977
minimal_corrected_rbcL,Minimally corrected: rbcL only,rbcL,6,15,720,-0.11071428571428568,0.5291666666666667,0.7652777777777777,-0.08846440970214152,0.5194444444444445,0.7458333333333333,0.023879078933333332,0.0430241501,0.01964419724
minimal_corrected_matK,Minimally corrected: matK only,matK,6,15,720,-0.12142857142857141,0.5611111111111111,0.7694444444444445,-0.21622340211135954,0.65,0.6444444444444445,0.028605699699999976,0.0411486464,0.02532053589999996
standardized_hybrid_rbcL,Standardized hybrid: rbcL only,rbcL,6,15,720,-0.1464285714285714,0.5791666666666667,0.7430555555555556,-0.11783716398666935,0.5291666666666667,0.7805555555555556,0.024856878513333295,0.0390629105,0.02032743553999996
standardized_hybrid_matK,Standardized hybrid: matK only,matK,6,15,720,0.035714285714285705,0.4263888888888889,0.9236111111111112,-0.01966307487826812,0.4888888888888889,0.9625,0.024379219946666666,0.0358196789,0.02331839276
